ts,equity
1681736400000,NaN
1681779600000,NaN
1681945200000,NaN
1681992000000,NaN
1682017200000,NaN
1682056800000,NaN
1682103600000,NaN
1682208000000,NaN
1682967600000,NaN
1683050400000,NaN
1683532800000,NaN
1683568800000,NaN
1684429200000,NaN
1684602000000,NaN
1684933200000,NaN
1684936800000,NaN
1684940400000,NaN
1684976400000,NaN
1685977200000,NaN
1685980800000,NaN
1685984400000,NaN
1685991600000,NaN
1685995200000,NaN
1686052800000,NaN
1686373200000,NaN
1686420000000,NaN
1686772800000,NaN
1686866400000,NaN
1688551200000,NaN
1688562000000,NaN
1689357600000,NaN
1689472800000,NaN
1689616800000,NaN
1689678000000,NaN
1690189200000,NaN
1690210800000,NaN
1692226800000,NaN
1692230400000,NaN
1692234000000,NaN
1692277200000,NaN
1692280800000,NaN
1692284400000,NaN
1692288000000,NaN
1692302400000,NaN
1692306000000,NaN
1692374400000,NaN
1693504800000,NaN
1693515600000,NaN
1693519200000,NaN
1693573200000,NaN
1693576800000,NaN
1693587600000,NaN
1694440800000,NaN
1694512800000,NaN
1695603600000,NaN
1695812400000,NaN
1696849200000,NaN
1696867200000,NaN
1696993200000,NaN
1697025600000,NaN
1697043600000,NaN
1697101200000,NaN
1699984800000,NaN
1700067600000,NaN
1700607600000,NaN
1700683200000,NaN
1701097200000,NaN
1701187200000,NaN
1702267200000,NaN
1702314000000,NaN
1702317600000,NaN
1702321200000,NaN
1702324800000,NaN
1702389600000,NaN
1702861200000,NaN
1702893600000,NaN
1703462400000,NaN
1703566800000,NaN
1704283200000,NaN
1704402000000,NaN
1705082400000,NaN
1705096800000,NaN
1705107600000,NaN
1705204800000,NaN
1705273200000,NaN
1705327200000,NaN
1705604400000,NaN
1705672800000,NaN
1706007600000,NaN
1706119200000,NaN
1710442800000,NaN
1710468000000,NaN
1710835200000,NaN
1710885600000,NaN
1711116000000,NaN
1711141200000,NaN
1712026800000,NaN
1712055600000,NaN
1712059200000,NaN
1712167200000,NaN
1712678400000,NaN
1712750400000,NaN
1712944800000,NaN
1713027600000,NaN
1713038400000,NaN
1713114000000,NaN
1713366000000,NaN
1713448800000,NaN
1713981600000,NaN
1714039200000,NaN
1714503600000,NaN
1714546800000,NaN
1714550400000,NaN
1714590000000,NaN
1718071200000,NaN
1718078400000,NaN
1718082000000,NaN
1718096400000,NaN
1718100000000,NaN
1718193600000,NaN
1718956800000,NaN
1719172800000,NaN
1719183600000,NaN
1719194400000,NaN
1719198000000,NaN
1719205200000,NaN
1719208800000,NaN
1719219600000,NaN
1719223200000,NaN
1719244800000,NaN
1719248400000,NaN
1719259200000,NaN
1719979200000,NaN
1719993600000,NaN
1720000800000,NaN
1720036800000,NaN
1720148400000,NaN
1720152000000,NaN
1720396800000,NaN
1720447200000,NaN
1722484800000,NaN
1722520800000,NaN
1722787200000,NaN
1722790800000,NaN
1722816000000,NaN
1722819600000,NaN
1722823200000,NaN
1722837600000,NaN
1722841200000,NaN
1722859200000,NaN
1723406400000,NaN
1723446000000,NaN
1724770800000,NaN
1724792400000,NaN
1724796000000,NaN
1724853600000,NaN
1725426000000,NaN
1725465600000,NaN
1725645600000,NaN
1725728400000,NaN
1726444800000,NaN
1726491600000,NaN
1726495200000,NaN
1726581600000,NaN
1727686800000,NaN
1727719200000,NaN
1727802000000,NaN
1727812800000,NaN
1727816400000,NaN
1727870400000,NaN
1730599200000,NaN
1730642400000,NaN
1734634800000,NaN
1734681600000,NaN
1735495200000,NaN
1735513200000,NaN
1736262000000,NaN
1736269200000,NaN
1736272800000,NaN
1736316000000,NaN
1736769600000,NaN
1736776800000,NaN
1737932400000,NaN
1737936000000,NaN
1737939600000,NaN
1737950400000,NaN
1737954000000,NaN
1737957600000,NaN
1737961200000,NaN
1737997200000,NaN
1738465200000,NaN
1738494000000,NaN
1738544400000,NaN
1738609200000,NaN
1739300400000,NaN
1739329200000,NaN
1740168000000,NaN
1740326400000,NaN
1740434400000,NaN
1740466800000,NaN
1740470400000,NaN
1740477600000,NaN
1740492000000,NaN
1740571200000,NaN
1740592800000,NaN
1740664800000,NaN
1740711600000,NaN